account_number,transaction_date,transaction_amount,transaction_description,category
7157,2019/12/31,47.0,BP#9569005BAJAJ GASQPS WHITE PLAINS  NY,Transportation
7157,2019/12/31,2.0,WP CENTER PARKING DPT  WHITE PLAINS  NY,Transportation
7157,2019/12/31,4.28,SQU*SQ *HASTINGS TEA & White Plains  NY,Food
7157,2019/12/30,9.29,PAYPAL *SHIJINTAIPE EB 4029357733    CA,Other
7157,2019/12/20,3.65,USA TECH-VEN*USA*CANTE NEW YORK NY Digital Account Number XXXXXXXXXXXX1645,Food
7157,2019/12/20,5.3,CMSVEND*CV FARMINGDALE AMITYVILLE NY Digital Account Number XXXXXXXXXXXX1645,Food
7157,2019/12/18,32.82,AMZN MKTP US*0M62C8PK3 AMZN.COM/BILL WA,Shopping
7157,2019/12/15,33.76,BP#9412925BP BEST SQPS NEW YORK NY,Transportation
7157,2019/12/14,8.75,MTA*MNR ETIX TICKET    877-690-5116  NY,Transportation
7157,2019/12/14,8.75,MTA*MNR ETIX TICKET    877-690-5116  NY,Transportation
7157,2019/12/13,8.5,MTA*MNR ETIX TICKET    877-690-5116  NY,Transportation
7157,2019/12/13,55.4,MAMASUSHI NEW YORK NY,Food
7157,2019/12/12,7.25,MTA*MNR ETIX TICKET    877-690-5116  NY,Transportation
7157,2019/12/12,11.5,MTA*MNR ETIX TICKET    877-690-5116  NY ,Transportation
7157,2019/12/12,27.21,PAYPAL *EBAY DOUGSGADG 4029357733    CA ,Shopping
7157,2019/12/11,1.8,CMSVEND*CV FARMINGDALE AMITYVILLE NY Digital Account Number XXXXXXXXXXXX1645,Food
7157,2019/12/11,40.02,BP#6639009MOUNT VERQPS MOUNT VERNON  NY,Transportation
7157,2019/12/10,11.5,MTA*MNR ETIX TICKET    877-690-5116  NY,Transportation
7157,2019/12/09,40.0,MTA*METROCARD MACHINE  NEW YORK NY,Transportation
7157,2019/12/06,8.75,MTA*MNR ETIX TICKET    877-690-5116  NY,Transportation
7157,2019/12/06,1.03,PAYPAL *UBER           4029357733 CA ,Transportation
7157,2019/12/06,18.6,PAYPAL *UBER           4029357733 CA ,Transportation
7157,2019/12/05,11.5,MTA*MNR ETIX TICKET    877-690-5116  NY,Transportation
7157,2019/12/05,59.55,AMZN Mktp US*QD0RP6NT3 Amzn.com/bill WA,Shopping
7157,2019/12/04,8.75,MTA*MNR ETIX TICKET    877-690-5116  NY,Transportation
7157,2019/12/04,4.99,Spotify USA            New York      NY,Entertainment
7157,2019/12/03,7.25,MTA*MNR ETIX TICKET    877-690-5116  NY,Transportation
7157,2019/12/03,11.5,MTA*MNR ETIX TICKET    877-690-5116  NY,Transportation
7157,2019/12/03,13.7,UNCLE TONYS PIZZA      NEW YORK      NY,Food
7157,2019/11/30,45.12,BP#4836920FORDHAM AQPS BRONX NY,Transportation
7157,2019/11/27,92.61,HONEYBAKED HAM OF WHIT HARTSDALE NY ,Food
7157,2019/11/26,11.5,MTA*MNR ETIX TICKET    877-690-5116 NY ,Transportation
7157,2019/11/25,29.24,AMZN MKTP US*CA6PR9T93 AMZN.COM/BILL WA,Shopping
7157,2019/11/24,10.54,PAYPAL *FIXEZ.COM      4029357733    NV,Shopping
7157,2019/11/22,8.75,MTA*MNR ETIX TICKET    877-690-5116  NY,Transportation
7157,2019/11/22,39.05,WAVE 92058204          MOUNT VERNON  NY,Transportation
7157,2019/11/21,7.25,MTA*MNR ETIX TICKET    877-690-5116  NY,Transportation
7157,2019/11/21,11.5,MTA*MNR ETIX TICKET    877-690-5116  NY,Transportation
7157,2019/11/19,7.25,MTA*MNR ETIX TICKET    877-690-5116  NY,Transportation
7157,2019/11/19,11.5,MTA*MNR ETIX TICKET    877-690-5116  NY,Transportation
7157,2019/11/19,40.0,MTA*METROCARD MACHINE  NEW YORK      NY,Transportation
7157,2019/11/16,104.52,MAMASUSHI              NEW YORK      NY,Food
7157,2019/11/16,121.02,PAYPAL *FOREVER21      4029357733    CA,Shopping
7157,2019/11/15,981.31,TAU KAPPA EPSILON FRAT 317-872-6533  IN,Other
7157,2019/11/15,32.48,CVS/PHARMACY #05861    MOUNT VERNON  NY,Health
7157,2019/11/15,62.66,MAIN WINES & LIQUORS   NEW ROCHELLE  NY,Food
7157,2019/11/14,38.99,AMZN Mktp US*HD5OT8MT3 Amzn.com/bill WA,Shopping
7157,2019/11/13,13.0,HEIGHTS DELI FOOD      NEW YORK      NY,Food
7157,2019/11/12,47.6,WAVE 92058204          MOUNT VERNON  NY,Transportation
7157,2019/11/09,16.71,CHIPOTLE 1435          NEW YORK      NY,Food
7157,2019/11/08,7.08,SQU*SQ *KICK AXE THROW Brooklyn      NY,Entertainment
7157,2019/11/08,76.21,SQU*SQ *KICK AXE THROW Brooklyn      NY ,Entertainment
7157,2019/11/08,10.75,BLUE                   ELMHURST      NY,Food
7157,2019/11/07,9.75,MTA*MNR ETIX TICKET    877-690-5116  NY,Transportation
7157,2019/11/07,11.5,MTA*MNR ETIX TICKET    877-690-5116  NY,Transportation
7157,2019/11/07,40.0,MTA*METROCARD MACHINE  NEW YORK      NY,Transportation
7157,2019/11/06,45.43,EXXONMOBIL    47968920 LITTLE FALLS  NJ,Transportation
7157,2019/11/05,11.5,MTA*MNR ETIX TICKET    877-690-5116  NY,Transportation
7157,2019/11/05,11.5,MTA*MNR ETIX TICKET    877-690-5116  NY,Transportation
7157,2019/11/05,5.1,SHELL OIL 57545066201  NEW YORK      NY,Transportation
7157,2019/11/04,8.5,MTA*MNR ETIX TICKET    877-690-5116  NY,Transportation
7157,2019/11/04,4.99,Spotify USA            New York      NY,Entertainment
7157,2019/11/03,5.71,MANHATTAN BEST DELI &  NEW YORK      NY,Food
7157,2019/11/02,7.25,MTA*MNR ETIX TICKET    877-690-5116  NY,Transportation
7157,2019/11/02,7.25,MTA*MNR ETIX TICKET    877-690-5116  NY,Transportation
7157,2019/11/02,10.13,BP#6639009MOUNT VERQPS MOUNT VERNON  NY,Transportation
7157,2019/10/31,11.5,MTA*MNR ETIX TICKET    877-690-5116  NY,Transportation
7157,2019/10/31,25.5,MTA*MNR ETIX TICKET    877-690-5116  NY,Transportation
7157,2019/10/30,8.5,MTA*MNR ETIX TICKET    877-690-5116  NY,Transportation
7157,2019/10/30,1.72,COMPASS235    98203532 NEW YORK      NY Digital Account Number XXXXXXXXXXXX1645,Food
7157,2019/10/29,8.75,MTA*MNR ETIX TICKET    877-690-5116  NY,Transportation
7157,2019/10/26,3.0,MTA*MNR ETIX TICKET    877-690-5116  NY,Transportation
7157,2019/10/26,11.5,MTA*MNR ETIX TICKET    877-690-5116  NY,Transportation
7157,2019/10/26,11.5,MTA*MNR ETIX TICKET    877-690-5116  NY,Transportation
7157,2019/10/26,288.48,EB BLOODMANOR 2019-SA  8014137200    CA ,Entertainment
7157,2019/10/25,3.4,DUNKIN #330027 Q35     LITTLE FALLS  NJ,Food
7157,2019/10/25,19.54,EXXONMOBIL    47968920 LITTLE FALLS  NJ,Transportation
7157,2019/10/25,26.3,COMPASS235    98203532 NEW YORK      NY,Food
7157,2019/10/24,11.5,MTA*MNR ETIX TICKET    877-690-5116  NY,Transportation
7157,2019/10/24,5.72,SUHAIL DELI & GROCERY  NEW YORK      NY Digital Account Number XXXXXXXXXXXX1645,Food
7157,2019/10/23,6.0,MTA*MNR ETIX TICKET    877-690-5116  NY,Transportation
7157,2019/10/23,8.5,MTA*MNR ETIX TICKET    877-690-5116  NY,Transportation
7157,2019/10/23,3.3,CMSVEND*CV FARMINGDALE AMITYVILLE NY Digital Account Number XXXXXXXXXXXX1645,Food
7157,2019/10/22,3.0,CMSVEND*CV FARMINGDALE AMITYVILLE NY Digital Account Number XXXXXXXXXXXX1645,Food
7157,2019/10/22,7.13,PAYPAL *UBER           4029357733    CA,Transportation
7157,2019/10/22,16.33,SUSHI SUSHI            NEW YORK      NY,Food
7157,2019/10/22,183.0,NYS DMV TVB            518-4741575   NY,Transportation
7157,2019/10/21,4.35,PAYPAL *GADGETSHIEL    4029357733    CA,Shopping
7157,2019/10/21,11.91,AMZN Mktp US*XY7NB87C3 Amzn.com/bill WA,Shopping
7157,2019/10/21,32.03,BP#0030619CROSS BROQPS BRONX         NY,Transportation
7157,2019/10/21,212.33,AMZN Mktp US*T40151RQ3 Amzn.com/bill WA,Shopping
7157,2019/10/20,5.2,MANHATTAN BEST DELI &  NEW YORK      NY,Food
7157,2019/10/19,11.5,MTA*MNR ETIX TICKET    877-690-5116  NY,Transportation
7157,2019/10/19,294.15,JETBLUE 27921370691060 8005382583    UT,Travel
7157,2019/10/19,40.0,MTA*METROCARD MACHINE  NEW YORK      NY,Transportation
7157,2019/10/17,8.75,MTA*MNR ETIX TICKET    877-690-5116  NY,Transportation
7157,2019/10/17,11.5,MTA*MNR ETIX TICKET    877-690-5116  NY,Transportation
7157,2019/10/17,11.5,MTA*MNR ETIX TICKET    877-690-5116  NY,Transportation
7157,2019/10/14,59.97,FuboTV Inc             8444413826    NY,Entertainment
7157,2019/10/13,7.56,CVS/PHARMACY #05861 MOUNT VERNON NY ,Health
7157,2019/10/12,11.5,MTA*MNR ETIX TICKET    877-690-5116  NY,Transportation
7157,2019/10/12,40.1,BP#6639009MOUNT VERQPS MOUNT VERNON  NY,Transportation
7157,2019/10/11,1.72,COMPASS235    98203532 NEW YORK      NY Digital Account Number XXXXXXXXXXXX1645,Food
7157,2019/10/10,8.75,MTA*MNR ETIX TICKET    877-690-5116  NY,Transportation
7157,2019/10/10,11.5,MTA*MNR ETIX TICKET    877-690-5116  NY,Transportation
7157,2019/10/10,19.64,HEIGHTS DELI FOOD      NEW YORK      NY,Food
7157,2019/10/08,163.0,LA PINATA LTD          YONKERS       NY,Food
7157,2019/10/07,6.64,SUHAIL DELI & GROCERY  NEW YORK      NY Digital Account Number XXXXXXXXXXXX1645,Food
7157,2019/10/07,40.0,MTA*METROCARD MACHINE  NEW YORK      NY,Transportation
7157,2019/10/06,3.0,NEW ROCHELLE PARKNG LO NEW ROCHELLE  NY,Transportation
7157,2019/10/06,22.18,NEW ROC CITY 18 IMAX   NEW ROCHELLE  NY,Entertainment
7157,2019/10/06,67.0,SAKE BAR HAGI 46       NEW YORK      NY,Food
7157,2019/10/05,8.75,MTA*MNR ETIX TICKET    877-690-5116  NY,Transportation
7157,2019/10/05,23.0,MTA*MNR ETIX TICKET    877-690-5116  NY,Transportation
7157,2019/10/05,40.06,BP#9412925BP BEST SQPS NEW YORK      NY,Transportation
7157,2019/10/04,4.99,Spotify USA            New York      NY,Entertainment
7157,2019/10/04,2.1,COMPASS235    98203532 NEW YORK      NY Digital Account Number XXXXXXXXXXXX1645,Food
7157,2019/10/03,11.5,MTA*MNR ETIX TICKET    877-690-5116  NY,Transportation
7157,2019/10/02,1.72,COMPASS235    98203532 NEW YORK      NY Digital Account Number XXXXXXXXXXXX1645,Food
7157,2019/10/02,1.72,COMPASS235    98203532 NEW YORK      NY Digital Account Number XXXXXXXXXXXX1645,Food
7157,2019/10/01,39.06,CVS/PHARMACY #05861    MOUNT VERNON  NY,Health
7157,2019/09/30,34.0,YARD HOUSE 83300083337 YONKERS       NY Digital Account Number XXXXXXXXXXXX1645,Food
7157,2019/09/30,56.81,1ST STREET MAGIC WASH  MOUNT VERNON  NY,Transportation
7157,2019/09/29,8.5,MTA*MNR ETIX TICKET    877-690-5116  NY,Transportation
7157,2019/09/29,8.5,MTA*MNR ETIX TICKET    877-690-5116  NY,Transportation
7157,2019/09/29,55.0,PIZZA KING             MOUNT VERNON  NY ,Food
7157,2019/09/28,74.53,AMZN Mktp US*C76VN2GB3 Amzn.com/bill WA,Shopping
7157,2019/09/28,10.12,GULF OIL 92050714      BRONX         NY,Transportation
7157,2019/09/28,25.01,MAMASUSHI              NEW YORK      NY,Food
7157,2019/09/26,9.75,MTA*MNR ETIX TICKET    877-690-5116  NY,Transportation
7157,2019/09/25,2.98,HUDSONNEWS  ST127      NEW YORK      NY ,Food
7157,2019/09/24,40.0,MTA*METROCARD MACHINE  NEW YORK      NY,Transportation
7157,2019/09/22,6.45,AMZN Mktp US*C12E849T3 Amzn.com/bill WA,Shopping
7157,2019/09/22,10.86,GRACELAND FLORIST      MOUNT VERNON  NY,Other
7157,2019/09/22,16.25,PANE AND GELATO        EASTCHESTER   NY,Food
7157,2019/09/22,50.0,LITTLE B S             TARRYTOWN     NY,Food
7157,2019/09/21,28.86,AMZN Mktp US*M207N77Q3 Amzn.com/bill WA,Shopping
7157,2019/09/19,9.75,MTA*MNR ETIX TICKET    877-690-5116  NY ,Transportation
7157,2019/09/17,9.75,MTA*MNR ETIX TICKET    877-690-5116  NY ,Transportation
7157,2019/09/15,45.56,FOOD BAZAAR #40        MOUNT VERNON  NY,Food
7157,2019/09/14,30.04,WAVE 92058204          MOUNT VERNON  NY,Transportation
7157,2019/09/12,40.0,MTA*METROCARD MACHINE  NEW YORK      NY,Transportation
7157,2019/09/10,71.85,MACMILLAN EDUCATION    5406727735    NY ,Education
7157,2019/09/09,163.0,NEW ROCHELLE CITY COUR NEW ROCHELLE  NY,Transportation
7157,2019/09/09,77.0,EMPIRE SPA INC         YONKERS       NY,Entertainment
7157,2019/09/08,300.0,VANITY                 ELMHURST      NY,Earning
7157,2019/09/08,350.0,VANITY                 ELMHURST      NY,Earning
7157,2019/09/08,33.32,PAYPAL *UBER           4029357733    CA,Transportation
7157,2019/09/07,9.75,MTA*MNR ETIX TICKET    877-690-5116  NY,Transportation
7157,2019/09/07,15.0,MEGA NEWS              NEW YORK      NY,Food
7157,2019/09/06,170.66,123 BURGER SHOT BEER   NEW YORK      NY,Food
7157,2019/09/06,20.0,CHRYSLER CLEANERS INC  NEW YORK      NY,Other
7157,2019/09/05,11.5,MTA*MNR ETIX TICKET    877-690-5116  NY,Transportation
7157,2019/09/05,11.5,MTA*MNR ETIX TICKET    877-690-5116  NY,Transportation
7157,2019/09/05,39.2,EXXONMOBIL    47968920 LITTLE FALLS  NJ ,Transportation
7157,2019/09/05,230.32,ZARA USA 6464          YONKERS       NY ,Shopping
7157,2019/09/04,4.99,Spotify USA            New York      NY ,Entertainment
7157,2019/09/03,2.8,CMSVEND*CV FARMINGDALE AMITYVILLE    NY,Food
7157,2019/09/03,7.28,SUHAIL DELI & GROCERY  NEW YORK      NY ,Food
7157,2019/09/01,4.34,POPEYES 12815          NEW YORK      NY ,Food
7157,2019/09/01,8.75,MTA*MNR ETIX TICKET    877-690-5116  NY,Transportation
7157,2019/09/01,50.0,EZ FESTIVALS LLC       323-908-0607  NY ,Entertainment
7157,2019/09/01,50.0,EZ FESTIVALS LLC       323-908-0607  NY ,Entertainment
7157,2019/08/31,8.75,MTA*MNR ETIX TICKET    877-690-5116  NY,Transportation
7157,2019/08/31,9.0,PAYPAL *UBER           4029357733    CA,Transportation
7157,2019/08/31,14.92,PAYPAL *UBER           4029357733    CA ,Transportation
7157,2019/08/31,15.0,THE BROOKLYN BARGE     BROOKLYN      NY ,Food
7157,2019/08/31,20.0,PAYPAL *UBER           4029357733    CA ,Transportation
7157,2019/08/31,38.1,INTERNATIONAL WINES AN NEW YORK      NY,Food
7157,2019/08/31,40.0,MTA*METROCARD MACHINE  NEW YORK      NY ,Transportation
7157,2019/08/31,40.0,EZ FESTIVALS LLC       323-908-0607  NY ,Entertainment
7157,2019/08/31,50.0,EZ FESTIVALS LLC       323-908-0607  NY ,Entertainment
7157,2019/08/31,50.0,EZ FESTIVALS LLC       323-908-0607  NY,Entertainment
7157,2019/08/30,17.69,ROTI MEDITERRANEAN GRI NEW YORK      NY,Food
7157,2019/08/30,20.0,THE BROOKLYN BARGE     BROOKLYN      NY ,Food
7157,2019/08/30,25.0,THE BROOKLYN BARGE     BROOKLYN      NY ,Food
7157,2019/08/30,25.0,BENGAL TIGER GAS       YONKERS       NY ,Transportation
7157,2019/08/27,9.58,TST* MAKANA 4          NEW YORK      NY ,Food
7157,2019/08/26,40.0,SAKANAYA               NEW YORK      NY,Food
7157,2019/08/25,25.0,BP#0030619CROSS BROQPS BRONX         NY,Transportation
7157,2019/08/22,80.0,NAMASTE NEPAL          SUNNYSIDE     NY,Food
7157,2019/08/21,1.47,COMPASS235    98203532 NEW YORK      NY,Food
7157,2019/08/19,14.86,PANDA EXPRESS 2613     NEW YORK      NY,Food
7157,2019/08/17,10.0,PAYPAL *GUMROAD YES TH 4029357733    CA,Entertainment
7157,2019/08/17,72.08,PAYPAL *FOREVER21      4029357733    CA ,Shopping
7157,2019/08/14,34.7,FANDANGO               8668575191    CA ,Entertainment
7157,2019/08/14,10.88,JIN JJA ROO            NEW YORK      NY,Food
7157,2019/08/13,20.58,CVS/PHARMACY #05861    MOUNT VERNON  NY ,Health
7157,2019/08/10,7.48,OZZIES ICE CREAM &THIN MOUNT VERNON  NY,Food
7157,2019/08/09,500.0,PRC PARKS PERMIT REC   WHITE PLAINS  NY,Entertainment
7157,2019/08/08,89.48,76 BOWLMOR 8003425263  NEW YORK      NY ,Food
7157,2019/08/07,12.5,NEW YORK STATE DMV     YONKERS       NY ,Transportation
7157,2019/08/06,36.68,NBS CUNY LEH SERVICE F 888-4706014   NE ,Education
7157,2019/08/06,1384.1,CUNY LEH TUITION FEE   718-9608309   NY,Education
7157,2019/08/06,40.0,MTA*METROCARD MACHINE  NEW YORK      NY,Transportation
7157,2019/08/06,40.0,MTA*METROCARD MACHINE  NEW YORK      NY ,Transportation
7157,2019/08/05,432.42,GOOGLE *Google Store   g.co/helppay# CA,Shopping
7157,2019/08/04,4.99,Spotify USA            New York      NY,Entertainment
7157,2019/08/03,25.0,STARBUCKS STORE 07215  NEW YORK      NY,Shopping
7157,2019/08/02,248.0,MTA*MNR ETIX TICKET    877-690-5116  NY ,Transportation
7157,2019/08/02,2.98,HUDSONNEWS  ST127      NEW YORK      NY Digital Account Number XXXXXXXXXXXX1645,Food
7157,2019/08/02,16.09,CHICK-FIL-A #04221     NEW YORK      NY,Food
7157,2019/08/01,26.53,NBS CUNY CTY SERVICE F 402-3257128   NE,Education
7157,2019/08/01,1000.95,CUNY CTY TUITION FEE   212-6505054   NY,Education
7157,2019/08/01,3.36,COMPASS235    98203532 NEW YORK      NY,Food
7157,2019/07/31,75.0,ZEST RAMEN             NEW YORK      NY,Food
7157,2019/07/26,13.06,TST* BOW RAMEN         NEW YORK      NY,Food
7157,2019/07/24,21.78,T-MOBILE STORE # 3799  NEW YORK      NY,Shopping
7157,2019/07/24,27.22,T-MOBILE STORE # 3799  NEW YORK      NY ,Shopping
7157,2019/07/23,11.5,MTA*MNR STATION TIX    NEW YORK      NY,Transportation
7157,2019/07/23,39.5,MTA*METROCARD MACHINE  NEW YORK      NY,Transportation
7157,2019/07/23,9.84,CHICK-FIL-A #04019     NEW YORK      NY ,Food
7157,2019/07/22,9.25,COMPASS235    98203532 NEW YORK      NY,Food
7157,2019/07/20,33.59,VISTAPR*VistaPrint.com 866-8936743   MA ,Other
7157,2019/07/20,145.51,GRAN RODEO BAR & GRILL NEW ROCHELLE  NY,Food
7157,2019/07/19,8.26,CHICK-FIL-A #04019     NEW YORK      NY,Food
7157,2019/07/19,35.0,TST* BOW RAMEN         NEW YORK      NY ,Food
7157,2019/06/16,8.5,MTA*MNR ETIX TICKET    877-690-5116  NY,Transportation
7157,2019/06/16,9.99,POSTMATES MEMBERSHIP   8778877815    CA ,Food
7157,2019/06/16,432.0,WIX.COM*461156811      8006000949    NY,Other
7157,2019/06/16,33.75,WIX.COM*461158231      NEW YORK      NY,Other
7157,2019/06/15,8.75,MTA*MNR ETIX TICKET    877-690-5116  NY,Transportation
7157,2019/06/15,40.0,MTA*METROCARD MACHINE  NEW YORK      NY,Transportation
7157,2019/06/15,55.0,TST* ARTICHOKE BASILLE BROOKLYN      NY,Food
7157,2019/06/12,80.5,NEW YORK STATE DMV     YONKERS       NY,Transportation
7157,2019/06/11,23.55,PAYPAL *LYFT RIDE TUE  4029357733    CA ,Transportation
7157,2019/06/11,92.31,PAYPAL *LYFT RIDE TUE  4029357733    CA,Transportation
7157,2019/06/10,34.0,POSTMATES 31373 UNO PI 8778877815    CA ,Food
7157,2019/06/09,14.09,SIMINHOS DELI          MOUNT VERNON  NY,Food
7157,2019/06/08,1.0,NEW ROCHELLE PARKNG LO NEW ROCHELLE  NY ,Transportation
7157,2019/06/08,5.0,CRAIGSLIST.ORG         4153995200    CA ,Other
7157,2019/06/08,46.95,REGAL CINEMAS NEW ROC  NEW ROCHELLE  NY,Entertainment
7157,2019/06/07,45.4,BP#8841215MOUNT VERQPS MOUNT VERNON  NY ,Transportation
7157,2019/06/06,65.0,BUFFALO WILD WINGS #32 NEW ROCHELLE  NY,Food
7157,2019/06/04,6.94,EB UPTOWN NETWORK SUM  8014137200    CA ,Food
7157,2019/06/04,30.3,REGAL CINEMAS NEW ROC  NEW ROCHELLE  NY,Entertainment
7157,2019/06/01,25.5,MTA*MNR ETIX TICKET    877-690-5116  NY,Transportation
7157,2019/05/30,6.15,PAYPAL *LYFT RIDE THU  4029357733    CA,Transportation
7157,2019/05/30,102.0,LA BRISA MARINA INC    NEW ROCHELLE  NY,Food
7157,2019/05/29,5.0,PAYPAL *LYFT RIDE WED  4029357733    CA,Transportation
7157,2019/05/28,1.6,SQ *SQ *BON ME - SMITH Cambridge     MA ,Food
7157,2019/05/28,7.63,PAYPAL *LYFT RIDE TUE  4029357733    CA ,Transportation
7157,2019/05/28,11.77,SQ *SQ *PAVEMENT COFFE Cambridge     MA,Food
7157,2019/05/28,28.17,PAYPAL *LYFT RIDE MON  4029357733    CA,Transportation
7157,2019/05/28,42.06,HARVARD COOP BKST#3000 CAMBRIDGE     MA ,Shopping
7157,2019/05/27,16.5,COACHRUNCOM            617-6810820   MA,Transportation
7157,2019/05/27,20.0,PYS*0000000000 FIDELI  888-3433547   NY,Health
7157,2019/05/27,47.5,GREYHOUND #4146        214-849-8966  TX,Transportation
7157,2019/05/24,8.75,MTA*MNR ETIX TICKET    877-690-5116  NY ,Transportation
7157,2019/05/24,8.08,PAYPAL *LYFT RIDE THU  4029357733    CA ,Transportation
7157,2019/05/23,5.52,PAYPAL *LYFT RIDE WED  4029357733    CA ,Transportation
7157,2019/05/23,5.95,PAYPAL *LYFT RIDE THU  4029357733    CA ,Transportation
7157,2019/05/23,250.0,MAX BRENNER UNION SQUA NEW YORK      NY ,Food
7157,2019/05/22,8.5,MTA*MNR ETIX TICKET    877-690-5116  NY,Transportation
7157,2019/05/22,16.25,GOOGLE*TINDER          G.CO HELPPAY# CA,Entertainment
7157,2019/05/21,4.99,Spotify USA            New York      NY ,Entertainment
7157,2019/05/21,40.0,MTA*METROCARD MACHINE  NEW YORK      NY,Transportation
7157,2019/05/21,201.73,MAMASUSHI              NEW YORK      NY,Food
7157,2019/05/20,46.22,BP#0030619CROSS BROQPS BRONX         NY,Transportation
7157,2019/05/18,24.92,AUTOZONE #2987         MT VERNON     NY,Transportation
7157,2019/05/17,8.75,MTA*MNR ETIX TICKET    877-690-5116  NY ,Transportation
7157,2019/05/17,9.72,UBER   TRIP            8005928996    CA ,Transportation
7157,2019/05/17,17.0,PIZZA KING             MOUNT VERNON  NY,Food
7157,2019/05/15,13.66,TST* MAKANA 4          NEW YORK      NY,Food
7157,2019/05/15,16.26,SUHAIL DELI & GROCERY  NEW YORK      NY ,Food
7157,2019/05/13,1.2,DOF PARKING SERVICE FE BROOKLYN      NY,Transportation
7157,2019/05/13,60.0,DOF PARKING OPERATIONS BROOKLYN      NY,Transportation
7157,2019/05/12,56.97,CVS/PHARMACY #05861    MOUNT VERNON  NY,Health
7157,2019/05/10,0.5,NYCDOT PARKING METERS  LONG IS CITY  NY ,Transportation
7157,2019/05/10,0.75,NYCDOT PARKING METERS  LONG IS CITY  NY,Transportation
7157,2019/05/10,40.05,BP#9412925BP BEST SQPS NEW YORK      NY,Transportation
7157,2019/05/07,13.75,CAMPUS DELI AND GRILL  NEW YORK      NY,Food
7157,2019/05/03,272.0,MAMASUSHI              NEW YORK      NY,Food
7157,2019/05/02,3.8,DUNKIN #345537 Q35     NEW YORK      NY,Food
7157,2019/05/02,10.3,CVS/PHARMACY #05861    MOUNT VERNON  NY,Health
7157,2019/04/29,91.5,DUFRY AERO CIBAO USD   SANTIAGO      DOM,Entertainment
7157,2019/04/26,20.0,PYS*0000000000 FIDELI  888-3433547   NY,Health
7157,2019/04/25,625.35,EXPEDIA 7429590236221  EXPEDIA.COM   WA,Travel
7157,2019/04/24,2.01,UBER   *TRIP           800-592-8996  NLD,Transportation
7157,2019/04/23,16.25,GOOGLE *Tinder         8558363987    CA ,Entertainment
7157,2019/04/22,69.76,SIX FLAGS GREAT ADVENT 7329282000    NJ,Entertainment
7157,2019/04/22,5.99,HUDSONNEWS  ST1176     JAMAICA       NY ,Food
7157,2019/04/22,6.03,HUDSONNEWS  ST1176     JAMAICA       NY,Food
7157,2019/04/22,15.1,A EAGLE OUTFTR00021584 YONKERS       NY,Shopping
7157,2019/04/22,24.44,CVS/PHARMACY #05861    MOUNT VERNON  NY,Health
7157,2019/04/22,27.53,ADIDAS 6542            YONKERS       NY ,Shopping
7157,2019/04/22,69.95,ZARA USA 6464          YONKERS       NY ,Shopping
7157,2019/04/22,92.67,A EAGLE OUTFTR00021584 YONKERS       NY,Shopping
7157,2019/04/22,31.57,BATH AND BODY WORKS 36 YONKERS       NY,Shopping
7157,2019/04/21,4.5,COCA COLA SOUTH BRUNSW MONMOUTH JCT  NJ,Food
7157,2019/04/21,4.99,Spotify USA            New York      NY,Entertainment
7157,2019/04/21,11.98,MCDONALD'S F21770      CREAM RIDGE   NJ,Food
7157,2019/04/21,20.03,BP#0030619CROSS BROQPS BRONX         NY,Transportation
7157,2019/04/21,41.27,US GAS & DIESEL        RIDGEFIELD    NJ,Transportation
7157,2019/04/21,25.0,SIX FLAGS GREAT ADVENT JACKSON       NJ,Entertainment
7157,2019/04/21,240.0,SIX FLAGS GREAT ADVENT JACKSON       NJ ,Entertainment
7157,2019/04/19,64.56,UBER   TRIP            8005928996    CA,Transportation
7157,2019/04/18,11.37,UBER                   8005928996    CA,Transportation
7157,2019/04/18,140.0,MAMASUSHI              NEW YORK      NY,Transportation
7157,2019/04/17,8.25,MTA*MNR ETIX TICKET    877-690-5116  NY,Transportation
7157,2019/04/17,4.91,PAYPAL *PENDING        4029357733    CA,Other
7157,2019/04/17,15.27,BLOSSOM ICE CREAM      BROOKLYN      NY,Food
7157,2019/04/16,10.72,TST* MAKANA 4          NEW YORK      NY,Food
7157,2019/04/15,8.25,MTA*MNR ETIX TICKET    877-690-5116  NY,Transportation
7157,2019/04/15,40.0,MTA*METROCARD MACHINE  NEW YORK      NY,Transportation
7157,2019/04/13,690.81,SEE TICKETS *ELECTRIC  323-9080607   CA,Entertainment
7157,2019/04/11,6.25,RISTRETTO CAFE         MANHATTAN     NY,Food
7157,2019/04/11,8.58,AMZN MKTP US*MZ78A2C50 AMZN.COM/BILL WA ,Shopping
7157,2019/04/11,10.83,CHIPOTLE 1968          NEW YORK      NY ,Food
7157,2019/04/09,13.5,CHIPOTLE 1968          NEW YORK      NY,Food
7157,2019/04/07,20.0,BP#8841215MOUNT VERQPS MOUNT VERNON  NY,Transportation
7157,2019/04/07,30.33,AUTOZONE #2987         MT VERNON     NY,Transportation
7157,2019/04/06,8.25,MTA*MNR ETIX TICKET    877-690-5116  NY ,Transportation
7157,2019/04/06,10.0,PIZZA KING             MOUNT VERNON  NY,Food
7157,2019/04/05,25.37,TST* MAKANA 4          NEW YORK      NY,Food
7157,2019/04/05,7.75,NJT MONTCLAIR     0534 NEWARK        NJ,Transportation
7157,2019/04/05,7.75,NJT NY PENN STA   0114 NEW YORK      NY,Transportation
7157,2019/04/05,20.0,CHINATOWN FAIR         NEW YORK      NY,Entertainment
7157,2019/04/05,16.0,AJISEN NOODLE RESTAURA NEW YORK      NY,Food
7157,2019/04/01,40.0,MTA*METROCARD MACHINE  NEW YORK      NY,Transportation
7157,2019/04/01,40.0,MTA*METROCARD MACHINE  NEW YORK      NY,Transportation
7157,2019/03/31,10.1,BP#6639009MOUNT VERQPS MOUNT VERNON  NY,Transportation
7157,2019/03/30,1.5,YPA LOT# 033           YONKERS       NY,Transportation
7157,2019/03/30,8.25,LA PINATA LTD          YONKERS       NY,Food
7157,2019/03/26,20.0,PYS*0000000000 FIDELI  888-3433547   NY,Health
7157,2019/03/23,10.0,76 BOWLMOR 8003425263  NEW YORK      NY,Entertainment
7157,2019/03/23,50.0,76 BOWLMOR 8003425263  NEW YORK      NY,Entertainment
7157,2019/03/22,50.0,SPIN NEW YORK 54       NEW YORK      NY,Entertainment
7157,2019/03/21,65.0,FUMO RESTAURANT        NEW YORK      NY,Food
7157,2019/03/20,8.25,MTA*MNR ETIX TICKET    877-690-5116  NY,Transportation
7157,2019/03/20,9.99,Spotify USA            New York      NY,Entertainment
7157,2019/03/16,75.0,LOBSTER BOX            BRONX         NY,Food
7157,2019/03/15,20.07,EXXONMOBIL    97479406 MOUNT VERNON  NY,Transportation
7157,2019/03/15,25.5,MTA*MNR ETIX TICKET    877-690-5116  NY,Transportation
7157,2019/03/13,8.25,MTA*MNR ETIX TICKET    877-690-5116  NY ,Transportation
7157,2019/03/13,40.0,MTA*METROCARD MACHINE  NEW YORK      NY,Transportation
7157,2019/03/10,16.33,IHOP 3553              NEW YORK      NY,Food
7157,2019/03/09,20.0,BP#8841215MOUNT VERQPS MOUNT VERNON  NY,Transportation
7157,2019/03/09,25.73,KOHL'S #0393           YONKERS       NY,Shopping
7157,2019/03/08,14.13,SHORTY FARM &  MEAT    BROOKLYN      NY,Food
7157,2019/03/08,317.19,CL *TRAVEL A           TRIPCHRG.COM  VA,Travel
7157,2019/03/06,8.0,MTA*MNR ETIX TICKET    877-690-5116  NY,Transportation
7157,2019/03/06,40.0,MTA*METROCARD MACHINE  NEW YORK      NY,Transportation
7157,2019/03/03,23.14,PAYPAL *PENDING        4029357733    CA,Other
7157,2019/03/01,49.95,AMZN Mktp US*MI0UM8241 Amzn.com/bill WA,Shopping
7157,2019/02/28,25.5,MTA*MNR ETIX TICKET    877-690-5116  NY,Transportation
7157,2019/02/27,8.0,MTA*MNR ETIX TICKET    877-690-5116  NY,Transportation
7157,2019/02/27,8.25,MTA*MNR ETIX TICKET    877-690-5116  NY,Transportation
7157,2019/02/27,40.0,MTA*METROCARD MACHINE  NEW YORK      NY,Transportation
7157,2019/02/26,49.94,AMZN Mktp US*MI84X21O2 Amzn.com/bill WA ,Shopping
7157,2019/02/25,20.0,PYS*0000000000 FIDELI  888-3433547   NY,Health
7157,2019/02/24,20.0,BP#8841215MOUNT VERQPS MOUNT VERNON  NY,Transportation
7157,2019/02/21,40.0,MTA*METROCARD MACHINE  NEW YORK      NY,Transportation
7157,2019/02/20,5.92,UBER                   8005928996    CA,Transportation
7157,2019/02/20,9.99,Spotify USA            New York      NY,Entertainment
7157,2019/02/15,5.44,SMILERS                NEW YORK      NY,Food
7157,2019/02/13,8.59,PAYPAL *PENDING        4029357733    CA ,Other
7157,2019/02/10,8.88,PALISADES NEWS         WEST NYACK    NY,Food
7157,2019/02/10,29.0,DAVE & BUSTERS 15 PWC  WEST NYACK    NY,Entertainment
7157,2019/02/09,60.0,BUFFALO WILD WINGS #32 NEW ROCHELLE  NY,Food
7157,2019/02/08,8.0,MTA*MNR ETIX TICKET    877-690-5116  NY,Transportation
7157,2019/02/07,114.0,PICNIC GARDEN B.B.Q. B FLUSHING      NY,Food
7157,2019/02/06,8.25,MTA*MNR ETIX TICKET    877-690-5116  NY,Transportation
7157,2019/02/06,40.0,MTA*METROCARD MACHINE  NEW YORK      NY,Transportation
7157,2019/02/04,45.59,WALGREENS #10411       BRONX         NY,Health
7157,2019/02/02,5.07,CAFFEBENE KTOWN        NEW YORK      NY,Food
7157,2019/02/02,10.88,JIN JJA ROO            NEW YORK      NY ,Food
7157,2019/02/02,10.98,H MART                 NEW YORK      NY,Food
7157,2019/02/01,8.25,MTA*MNR ETIX TICKET    877-690-5116  NY,Transportation
7157,2019/02/01,40.0,MTA*METROCARD MACHINE  NEW YORK      NY,Transportation
7157,2019/01/31,43.56,CHINELOS II CORP       NEW YORK      NY,Food
7157,2019/01/30,29.41,UBER                   8005928996    CA,Transportation
7157,2019/01/29,6.0,BROADWAY GOURMET DELI  NEW YORK      NY,Food
7157,2019/01/29,10.85,UNCLE TONY`S  PIZZA    NEW YORK      NY,Food
7157,2019/01/28,20.0,PYS*0000000000 FIDELI  888-3433547   NY,Health
7157,2019/01/26,8.25,MTA*MNR ETIX TICKET    877-690-5116  NY,Transportation
7157,2019/01/26,8.5,LA PINATA LTD          YONKERS       NY,Food
7157,2019/01/26,150.0,HAVANA CENTRAL RID     YONKERS       NY,Food
7157,2019/01/25,26.02,BY CHLOE BLEECKER      NEW YORK      NY,Food
7157,2019/01/21,8.0,UBER                   8005928996    CA,Transportation
7157,2019/01/21,60.6,REGAL CINEMAS NEW ROC  NEW ROCHELLE  NY,Entertainment
7157,2019/01/20,9.89,MIRABITO #4            FRANKLIN      NY,Other
7157,2019/01/19,8.0,MTA*MNR ETIX TICKET    877-690-5116  NY,Transportation
7157,2019/01/18,38.84,UBER                   8005928996    CA,Transportation
7157,2019/01/18,41.9,MTA*METROCARD MACHINE  NEW YORK      NY,Transportation
7157,2019/01/13,84.0,TST*NIPPORI JAPANESE NEW YORK NY,Food
7157,2019/01/13,8.0,MTA*MNR ETIX TICKET    877-690-5116  NY ,Transportation
7157,2019/01/13,4.6,UBER                   8005928996    CA ,Transportation
7157,2019/01/12,56.62,SQU*SQ *WINTER VILLAGE New York   NY,Shopping
7157,2019/01/12,11.45,UBER                   8005928996    CA ,Transportation
7157,2019/01/12,10.75,MTA*MNR ETIX TICKET    877-690-5116  NY ,Transportation
7157,2019/01/11,45.0,TST*NIPPORI JAPANESE NEW YORK NY,Food
7157,2019/01/10,32.0,DAVE & BUSTERS 15 PWC  WEST NYACK    NY ,Entertainment
7157,2019/01/09,11.0,MTA*MNR ETIX TICKET    877-690-5116  NY ,Transportation
7157,2019/01/08,37.56,GRUBHUBSUSHIYU2   8775851085   NY,Food
7157,2019/01/08,34.8,UA UNION SQUARE 14   NEW YORK    NY,Entertainment
7157,2019/01/08,12.48,MANHATTAN DELI STORE C NEW YORK   NY,Food
7157,2019/01/08,9.25,MTA*MNR ETIX TICKET    877-690-5116  NY ,Transportation
7157,2019/01/06,40.0,MTA*METROCARD MACHINE  NEW YORK      NY ,Transportation
7157,2019/01/05,25.5,MTA*MNR ETIX TICKET    877-690-5116  NY ,Transportation
7157,2019/01/05,25.5,MTA*MNR ETIX TICKET    877-690-5116  NY ,Transportation
7157,2019/01/03,194.1,CITY DINER        NEW YORK      NY,Food
8821,2019/12/31,5.0,Withdrawal from Acorns Invest Transfer,Investment
8821,2019/12/27,32.06,Debit Card Purchase - DUANE READE STO 2265 R BROOKLYN  NY US,Health
8821,2019/12/25,4.99,Debit Card Purchase - APPLE COM BILL 866 712 7753 CA,Entertainment
8821,2019/12/25,3.96,Debit Card Purchase - ORDER WISH COM 8002660172 CA,Shopping
8821,2019/12/24,5.0,Withdrawal from Acorns Invest Transfer,Investment
8821,2019/12/21,2.7,Debit Card Purchase - CMSVEND CV FARMINGDALE AMITYVILLE NY,Food
8821,2019/12/20,40.41,Debit Card Purchase - CENTURY TWENTY ONE #26 BROOKLYN  NY US,Shopping
8821,2019/12/20,39.97,Debit Card Purchase - NORDSTROM RACK # 505 F BROOKLYN  NY US,Shopping
8821,2019/12/19,1.8,Debit Card Purchase - CMSVEND CV FARMINGDALE AMITYVILLE NY,Food
8821,2019/12/17,22.98,Withdrawal from PLANET FIT CLUB FEES,Health
8821,2019/12/17,5.0,Withdrawal from Acorns Invest Transfer,Investment
8821,2019/12/16,9.89,Debit Card Purchase - SHAKE SHACK 1140 646 747 7200 NY,Food
8821,2019/12/13,9.8,Debit Card Purchase - CITY CIBAO 1 MANHATTAN NY,Food
8821,2019/12/12,7.28,Debit Card Purchase - CAMPUS DELI AND GRILL NEW YORK NY,Food
8821,2019/12/12,1.8,Debit Card Purchase - CMSVEND CV FARMINGDALE AMITYVILLE NY,Food
8821,2019/12/11,1.75,Debit Card Purchase - CMSVEND CV FARMINGDALE AMITYVILLE NY,Food
8821,2019/12/10,5.0,Withdrawal from Acorns Invest Transfer,Investment
8821,2019/12/10,7.8,Debit Card Purchase - HEIGHTS DELI FOOD NEW YORK NY,Food
8821,2019/12/09,7.28,Debit Card Purchase - CAMPUS DELI AND GRILL NEW YORK NY,Food
8821,2019/12/09,1.75,Debit Card Purchase - CMSVEND CV FARMINGDALE AMITYVILLE NY,Food
8821,2019/12/07,6.24,Debit Card Purchase - CAMPUS DELI AND GRILL NEW YORK NY,Food
8821,2019/12/07,3.5,Debit Card Purchase - CMSVEND CV FARMINGDALE AMITYVILLE NY,Food
8821,2019/12/04,5.0,Withdrawal from Acorns Invest Transfer,Investment
8821,2019/12/04,0.99,Debit Card Purchase - APPLE COM BILL 866 712 7753 CA,Entertainment
8821,2019/12/04,1.98,Debit Card Purchase - APPLE COM BILL 866 712 7753 CA,Entertainment
8821,2019/12/04,48.24,Debit Card Purchase - SP LAPERLAMX 4078858557 FL,Shopping
8821,2019/12/02,1.0,Withdrawal from Subscription Acorns,Investment
8821,2019/12/02,30.76,Debit Card Purchase - SQ SQ SHAKE SHAC NEW YORK NY,Food
8821,2019/11/30,32.32,Debit Card Purchase - 0055 FOREVER 21 STATEN ISLAND  NY US,Shopping
8821,2019/11/30,36.79,Debit Card Purchase - THE EDGE NEW YORK NY,Food
8821,2019/11/29,19.49,Debit Card Purchase - CVS/PHARMACY #10 10583 NEW YORK  NY US,Health
8821,2019/11/28,8.1,Debit Card Purchase - CAMPUS DELI AND GRILL NEW YORK NY,Food
8821,2019/11/26,127.0,Debit Card Purchase - MTA*METROCARD MACHINE NEW YORK  NY US,Transportation
8821,2019/11/26,5.0,Withdrawal from Acorns Invest Transfer,Investment
8821,2019/11/25,4.99,Debit Card Purchase - APPLE COM BILL 866 712 7753 CA,Entertainment
8821,2019/11/23,7.28,Debit Card Purchase - CAMPUS DELI AND GRILL NEW YORK NY,Food
8821,2019/11/23,3.6,Debit Card Purchase - CMSVEND CV FARMINGDALE AMITYVILLE NY,Food
8821,2019/11/22,16.28,Debit Card Purchase - CHEGG ORDER 8558681054 CA,Education
8821,2019/11/21,3.5,Debit Card Purchase - CMSVEND CV FARMINGDALE AMITYVILLE NY,Food
8821,2019/11/20,5.0,Withdrawal from Acorns Invest Transfer,Investment
8821,2019/11/19,89.99,Debit Card Purchase - FRG MLBSHOP COM 8886527467 FL,Shopping
8821,2019/11/19,26.84,Debit Card Purchase - SHAKE SHACK 1140 646 747 7200 NY,Food
8821,2019/11/18,22.98,Withdrawal from PLANET FIT CLUB FEES,Health
8821,2019/11/15,7.28,Debit Card Purchase - CAMPUS DELI AND GRILL NEW YORK NY,Food
8821,2019/11/15,41.09,Debit Card Purchase - BATH BODY WORKS COM 8007565005 OH,Shopping
8821,2019/11/14,2.8,Debit Card Purchase - CMSVEND CV FARMINGDALE AMITYVILLE NY,Food
8821,2019/11/14,1.8,Debit Card Purchase - CMSVEND CV FARMINGDALE AMITYVILLE NY,Food
8821,2019/11/13,5.0,Withdrawal from Acorns Invest Transfer,Investment
8821,2019/11/11,11.43,Debit Card Purchase - STARBUCKS STORE 07890 NEW YORK NY,Food
8821,2019/11/11,24.82,Debit Card Purchase - CHIPOTLE 0681 NEW YORK NY,Food
8821,2019/11/09,7.28,Debit Card Purchase - CAMPUS DELI AND GRILL NEW YORK NY,Food
8821,2019/11/09,60.79,Debit Card Purchase - CUROLOGY 8588591188 CA,Health
8821,2019/11/09,1.8,Debit Card Purchase - CMSVEND CV FARMINGDALE AMITYVILLE NY,Food
8821,2019/11/08,7.28,Debit Card Purchase - CAMPUS DELI AND GRILL NEW YORK NY,Food
8821,2019/11/07,11.22,Debit Card Purchase - CAMPUS DELI AND GRILL NEW YORK NY,Food
8821,2019/11/06,5.0,Withdrawal from Acorns Invest Transfer,Investment
8821,2019/11/06,7.28,Debit Card Purchase - CAMPUS DELI AND GRILL NEW YORK NY,Food
8821,2019/11/05,0.99,Debit Card Purchase - APPLE COM BILL 866 712 7753 CA,Entertainment
8821,2019/11/04,1.0,Withdrawal from Subscription Acorns,Investment
8821,2019/11/02,7.28,Debit Card Purchase - CAMPUS DELI AND GRILL NEW YORK NY,Food
8821,2019/10/30,5.0,Withdrawal from Acorns Invest Transfer,Investment
8821,2019/10/29,6.53,Debit Card Purchase - FREEPRINTS 8772488906 CA,Other
8821,2019/10/28,127.0,Debit Card Purchase - MTA*METROCARD MACHINE NEW YORK  NY US,Transportation
8821,2019/10/28,5.44,Debit Card Purchase - SQ SQ SLONG FRESH TE NEW YORK NY,Food
8821,2019/10/26,3.5,Debit Card Purchase - CMSVEND CV FARMINGDALE AMITYVILLE NY,Food
8821,2019/10/25,1.56,Debit Card Purchase - CAMPUS DELI AND GRILL NEW YORK NY,Food
8821,2019/10/25,4.99,Debit Card Purchase - APL ITUNES COM BILL 866 712 7753 CA,Entertainment
8821,2019/10/23,10.4,Debit Card Purchase - CAMPUS DELI AND GRILL NEW YORK NY,Food
8821,2019/10/22,5.0,Withdrawal from Acorns Invest Transfer,Investment
8821,2019/10/22,16.28,Debit Card Purchase - CHEGG ORDER 8558681054 CA,Education
8821,2019/10/22,9.78,Debit Card Purchase - SHAKE SHACK 1140 646 747 7200 NY,Food
8821,2019/10/21,5.44,Debit Card Purchase - SQ SQ SLONG FRESH TE NEW YORK NY,Food
8821,2019/10/19,7.28,Debit Card Purchase - CAMPUS DELI AND GRILL NEW YORK NY,Food
8821,2019/10/18,79.99,Debit Card Purchase - BURLINGTON STORES 235 NEW YORK  NY US,Shopping
8821,2019/10/18,7.28,Debit Card Purchase - CAMPUS DELI AND GRILL NEW YORK NY,Food
8821,2019/10/17,22.98,Withdrawal from PLANET FIT CLUB FEES,Health
8821,2019/10/17,10.88,Debit Card Purchase - APL ITUNES COM BILL 866 712 7753 CA,Entertainment
8821,2019/10/17,9.74,Debit Card Purchase - CHIPOTLE 0482 NEW YORK NY,Food
8821,2019/10/16,5.0,Withdrawal from Acorns Invest Transfer,Investment
8821,2019/10/14,43.74,Debit Card Purchase - WALMART COM 8009666546 AR,Food
8821,2019/10/14,17.07,Debit Card Purchase - SQ SQ SHAKE SHAC NEW YORK NY,Food
8821,2019/10/12,9.36,Debit Card Purchase - CAMPUS DELI AND GRILL NEW YORK NY,Food
8821,2019/10/12,4.3,Debit Card Purchase - CMSVEND CV FARMINGDALE AMITYVILLE NY,Food
8821,2019/10/10,35.34,Debit Card Purchase - CASH APP KIMBERLY M 4153753176 CA,Other
8821,2019/10/10,30.0,Debit Card Purchase - CASH APP BIBIAN GAR 4153753176 CA,Other
8821,2019/10/09,5.0,Withdrawal from Acorns Invest Transfer,Investment
8821,2019/10/09,1.75,Debit Card Purchase - CMSVEND CV FARMINGDALE AMITYVILLE NY,Food
8821,2019/10/08,35.86,Debit Card Purchase - MACYS COM 800 289 6229 OH,Shopping
8821,2019/10/07,12.41,Debit Card Purchase - CHIPOTLE 0681 NEW YORK NY,Food
8821,2019/10/05,1.8,Debit Card Purchase - CMSVEND CV FARMINGDALE AMITYVILLE NY,Food
8821,2019/10/04,9.36,Debit Card Purchase - CAMPUS DELI AND GRILL NEW YORK NY,Food
8821,2019/10/04,0.99,Debit Card Purchase - APL ITUNES COM BILL 866 712 7753 CA,Entertainment
8821,2019/10/02,1.0,Withdrawal from Subscription Acorns,Investment
8821,2019/10/01,5.0,Withdrawal from Acorns Invest Transfer,Investment
8821,2019/10/01,168.31,Debit Card Purchase - STUBHUB INC 8667882482 CA,Entertainment
8821,2019/10/01,42.53,Debit Card Purchase - EYEBUYDIRECT INC 512 241 0654 TX,Health
8821,2019/09/30,14.8,Debit Card Purchase - BREAD AND HONEY NEW YORK NY,Food
8821,2019/09/28,2.3,Debit Card Purchase - CMSVEND CV FARMINGDALE AMITYVILLE NY,Food
8821,2019/09/27,26.13,Debit Card Purchase - RILEY ROSE 5133 NEW YORK  NY US,Shopping
8821,2019/09/27,14.99,Debit Card Purchase - H&M0279 NEW YORK  NY US,Shopping
8821,2019/09/27,8.1,Debit Card Purchase - CAMPUS DELI AND GRILL NEW YORK NY,Food
8821,2019/09/27,10.89,Debit Card Purchase - SQ SQ SLONG FRESH TE NEW YORK NY,Food
8821,2019/09/26,127.0,Debit Card Purchase - MTA*METROCARD MACHINE NEW YORK  NY US,Transportation
8821,2019/09/26,7.28,Debit Card Purchase - CAMPUS DELI AND GRILL NEW YORK NY,Food
8821,2019/09/25,5.0,Withdrawal from Acorns Invest Transfer,Investment
8821,2019/09/25,10.88,Debit Card Purchase - APL ITUNES COM BILL 866 712 7753 CA,Health
8821,2019/09/25,4.99,Debit Card Purchase - APL ITUNES COM BILL 866 712 7753 CA,Entertainment
8821,2019/09/25,1.3,Debit Card Purchase - CMSVEND CV FARMINGDALE AMITYVILLE NY,Food
8821,2019/09/24,28.48,Debit Card Purchase - 0552 AMC EMPIRE 25 NEW YORK NY,Entertainment
8821,2019/09/23,9.78,Debit Card Purchase - SQ SQ SHAKE SHAC NEW YORK NY,Food
8821,2019/09/23,16.28,Debit Card Purchase - CHEGG ORDER 8558681054 CA,Education
8821,2019/09/21,4.8,Debit Card Purchase - CMSVEND CV FARMINGDALE AMITYVILLE NY,Food
8821,2019/09/20,2.25,Debit Card Purchase - USA TECH VEN USA CANTE NEW YORK NY,Food
8821,2019/09/20,10.89,Debit Card Purchase - SQ SQ SLONG FRESH TE NEW YORK NY,Food
8821,2019/09/18,7.28,Debit Card Purchase - CAMPUS DELI AND GRILL NEW YORK NY,Food
8821,2019/09/18,18.07,Debit Card Purchase - ORDER WISH COM 8002660172 CA,Shopping
8821,2019/09/17,22.98,Withdrawal from PLANET FIT CLUB FEES,Health
8821,2019/09/17,5.0,Withdrawal from Acorns Invest Transfer,Investment
8821,2019/09/17,33.53,Debit Card Purchase - TURCO MEDITERRANEAN NEW YORK NY,Food
8821,2019/09/16,97.71,Debit Card Purchase - URBAN OUTFITTERS 1333 NEW YORK  NY US,Shopping
8821,2019/09/14,6.24,Debit Card Purchase - CAMPUS DELI AND GRILL NEW YORK NY,Food
8821,2019/09/12,16.0,Debit Card Purchase - CHIPOTLE 3309 BROOKLYN NY,Food
8821,2019/09/11,2.6,Debit Card Purchase - CMSVEND CV FARMINGDALE AMITYVILLE NY,Food
8821,2019/09/10,24.79,Debit Card Purchase - HARMONSTORE#806 245 AT BROOKLYN  NY US,Shopping
8821,2019/09/10,5.0,Withdrawal from Acorns Invest Transfer,Investment
8821,2019/09/10,39.39,Debit Card Purchase - WWW BOOHOO COM ONLINE NY,Shopping
8821,2019/09/10,60.79,Debit Card Purchase - CUROLOGY 8588591188 CA,Health
8821,2019/09/10,9.78,Debit Card Purchase - SHAKE SHACK 1107 646 747 7200 NY,Food
8821,2019/09/07,7.28,Debit Card Purchase - CAMPUS DELI AND GRILL NEW YORK NY,Food
8821,2019/09/07,8.41,Debit Card Purchase - CHEGG ORDER 8558681054 CA,Education
8821,2019/09/06,6.24,Debit Card Purchase - CAMPUS DELI AND GRILL NEW YORK NY,Food
8821,2019/09/05,5.0,Withdrawal from Acorns Invest Transfer,Investment
8821,2019/09/05,0.99,Debit Card Purchase - APL ITUNES COM BILL 866 712 7753 CA,Entertainment
8821,2019/09/05,17.99,Debit Card Purchase - DUNKIN 349768 Q35 BROOKLYN NY,Food
8821,2019/09/04,49.79,Debit Card Purchase - WWW BOOHOO COM ONLINE NY,Shopping
8821,2019/09/04,11.98,Debit Card Purchase - SCHNIPPERS QUALITY KIT NEW YORK NY,Food
8821,2019/09/03,1.0,Withdrawal from Subscription Acorns,Investment
8821,2019/09/02,11.7,Debit Card Purchase - SQ SQ SLONG FRESH TE NEW YORK NY,Food
8821,2019/08/31,17.33,Debit Card Purchase - FOREVER 21 INC 888 494 3837 CA,Shopping
8821,2019/08/31,10.14,Debit Card Purchase - CAMPUS DELI AND GRILL NEW YORK NY,Food
8821,2019/08/30,35.25,Debit Card Purchase - FOREVER 21 INC 888 494 3837 CA,Shopping
8821,2019/08/30,6.41,Debit Card Purchase - SHAKE SHACK 1140 646 747 7200 NY,Food
8821,2019/08/27,127.0,Debit Card Purchase - MTA*METROCARD MACHINE NEW YORK  NY US,Transportation
8821,2019/08/26,40.06,Debit Card Purchase - GARAGE 416 90-15 QUEEN ELMHURST  NY US,Shopping
8821,2019/08/26,25.83,Debit Card Purchase - VENMO 8558124430 NY,Other
8821,2019/08/24,10.32,Debit Card Purchase - IKEA BROOKLYN BROOKLYN  NY US,Shopping
8821,2019/08/24,10.88,Debit Card Purchase - APL ITUNES COM BILL 866 712 7753 CA,Entertainment
8821,2019/08/24,4.99,Debit Card Purchase - APL ITUNES COM BILL 866 712 7753 CA,Entertainment
8821,2019/08/24,32.98,Debit Card Purchase - 0552 AMC EMPIRE 25 NEW YORK NY,Entertainment
8821,2019/08/23,64.7,Debit Card Purchase - UNIQLO NY 34TH ST 32 NEW YORK NY,Shopping
8821,2019/08/22,5.5,Debit Card Purchase - MTA*METROCARD MACHINE NEW YORK  NY US,Transportation
8821,2019/08/22,49.02,Debit Card Purchase - WALMART COM 8009666546 AR,Food
8821,2019/08/21,21.37,Debit Card Purchase - VICTORIA'S SECRET #135 NEW YORK  NY US,Shopping
8821,2019/08/19,22.98,Withdrawal from PLANET FIT CLUB FEES,Health
8821,2019/08/19,44.85,Debit Card Purchase - WCS E COMMERCE 718 220 5100 NY,Shopping
8821,2019/08/16,27.44,Debit Card Purchase - CHIPOTLE 2123 NEW YORK NY,Food
8821,2019/08/11,20.5,Debit Card Purchase - PETCO 3774 BROOKLYN  NY US,Shopping
8821,2019/08/10,22.69,Debit Card Purchase - DEALS 590 HAMILTON BROOKLYN  NY US,Shopping
8821,2019/08/10,21.76,Debit Card Purchase - LOT LESS 10 NEW YORK  NY US,Shopping
8821,2019/08/10,37.46,Debit Card Purchase - LOT LESS 10 NEW YORK  NY US,Shopping
8821,2019/08/10,20.0,Debit Card Purchase - MTA*METROCARD MACHINE NEW YORK  NY US,Transportation
8821,2019/08/08,34.0,Debit Card Purchase - UA BATTERY PARK 16 NEW YORK NY,Entertainment
8821,2019/08/06,29.0,Debit Card Purchase - MERCARI SAN FRANCISC CA,Shopping
8821,2019/08/06,44.63,Debit Card Purchase - AMZN MKTP US MA1BQ6QE2 AMZN COM BIL WA,Shopping
8821,2019/08/05,5.0,Withdrawal from Acorns Invest Tr Transfer,Investment
8821,2019/08/05,0.99,Debit Card Purchase - APL ITUNES COM BILL 866 712 7753 CA,Entertainment
8821,2019/08/02,1.0,Withdrawal from Subscription Acorns,Investment
8821,2019/08/01,40.76,Withdrawal from PLANET FIT CLUB FEES,Health
8821,2019/07/31,18.51,Debit Card Purchase - BREAD FACTORY CAFE 57 NEW YORK NY,Food
8821,2019/07/31,5.72,Debit Card Purchase - STARBUCKS STORE 10279 NEW YORK NY,Food
8821,2019/07/30,65.31,Debit Card Purchase - DUANE READE STO 386 FU BROOKLYN  NY US,Health
8821,2019/07/30,48.03,Debit Card Purchase - MARSHALLS 241 ATLANTIC BROOKLYN  NY US,Shopping
8821,2019/07/30,46.17,Debit Card Purchase - PRIMARK STATEN ISLAND STATEN ISLAN NY,Shopping
8821,2019/07/29,5.0,Withdrawal from Acorns Investing Transfer,Investment
8821,2019/07/27,17.07,Debit Card Purchase - SHAKE SHACK 1107 646 747 7200 NY,Food
8821,2019/07/26,11.86,Debit Card Purchase - G & A PRODUCE CORP BROOKLYN  NY US,Food
8821,2019/07/26,29.59,Debit Card Purchase - TARGET T- 445 GOLD ST BROOKLYN  NY US,Health
8821,2019/07/26,34.0,Debit Card Purchase - UA BATTERY PARK 16 NEW YORK NY,Entertainment
8821,2019/07/24,10.88,Debit Card Purchase - CENTURY TWENTY ONE #10 NEW YORK  NY US,Shopping
8821,2019/07/24,4.99,Debit Card Purchase - APL ITUNES COM BILL 866 712 7753 CA,Entertainment
8821,2019/07/23,79.45,Debit Card Purchase - MARSHALLS 241 ATLANTIC BROOKLYN  NY US,Shopping
8821,2019/07/23,16.28,Debit Card Purchase - CHEGG ORDER 8558681054 CA,Education
8821,2019/07/22,7.25,Debit Card Purchase - NJT PLAUDERVILLE 0461 GARFIELD  NJ US,Transportation
8821,2019/07/22,5.0,Withdrawal from Acorns Investing Transfer,Investment
8821,2019/07/22,10.0,Debit Card Purchase - PLANNED PARENTHOOD FED NEW YORK NY,Other
8821,2019/07/20,5.49,Debit Card Purchase - CVS/PHARMACY #02 02280 RIDGEWOOD  NY US,Health
8821,2019/07/19,99.0,Debit Card Purchase - SMILEDIRECTCLUB 8008487566 TN,Health
8821,2019/07/18,29.35,Debit Card Purchase - TARGET T- 139 FLATBUSH BROOKLYN  NY US,Health
8821,2019/07/18,20.7,Debit Card Purchase - SQ SQ OSO NEW YORK NY,Food
8821,2019/07/18,4.0,Debit Card Purchase - CMSVEND CV FARMINGDALE AMITYVILLE NY,Food
8821,2019/07/17,22.98,Withdrawal from PLANET FIT CLUB FEES,Health
8821,2019/07/17,5.06,Withdrawal from Acorns Investing Transfer,Investment
8821,2019/07/16,9.35,Debit Card Purchase - SHAKE SHACK 1122 646 747 7200 NY,Food
8821,2019/07/16,22.59,Debit Card Purchase - SHAKE SHACK 1122 646 747 7200 NY,Food
8821,2019/07/16,10.88,Debit Card Purchase - APL ITUNES COM BILL 866 712 7753 CA,Entertainment
8821,2019/07/15,19.13,Debit Card Purchase - HARMONSTORE#806 245 AT BROOKLYN  NY US,Shopping
8821,2019/07/15,5.0,Withdrawal from Acorns Investing Transfer,Investment
8821,2019/07/15,21.76,Debit Card Purchase - PLAYA BOWLS MANHATTAN NY,Food
8821,2019/07/14,25.01,Debit Card Purchase - MICHAELS STORES 1276 2 BROOKLYN  NY US,Shopping
8821,2019/07/14,13.12,Debit Card Purchase - FLYING TIGER COPENHAGE BROOKLYN  NY US,Shopping
8821,2019/07/12,12.51,Debit Card Purchase - MARSHALLS 241 ATLANTIC BROOKLYN  NY US,Shopping
8821,2019/07/12,12.83,Debit Card Purchase - SHAKE SHACK 1140 646 747 7200 NY,Food
8821,2019/07/11,24.0,Debit Card Purchase - FORMULA E EVENT 03333213107,Entertainment
8821,2019/07/09,59.9,Debit Card Purchase - CUROLOGY 8588591188 CA,Health
8821,2019/07/08,5.0,Withdrawal from Acorns Investing Transfer,Investment
8821,2019/07/08,48.58,Debit Card Purchase - FOREVER 21 INC 888 494 3837 CA,Shopping
8821,2019/07/06,0.99,Debit Card Purchase - APL ITUNES COM BILL 866 712 7753 CA,Entertainment
8821,2019/07/05,7.25,Debit Card Purchase - NJT NY PENN STA 0110 NEW YORK  NJ US,Transportation
8821,2019/07/05,6.17,Withdrawal from Acorns Investing Transfer,Investment
8821,2019/07/04,1.75,Debit Card Purchase - CMSVEND CV FARMINGDALE AMITYVILLE NY,Food
8821,2019/07/03,56.34,Debit Card Purchase - FOREVER 21 INC 888 494 3837 CA,Shopping
8821,2019/07/02,127.0,Debit Card Purchase - MTA*METROCARD MACHINE NEW YORK  NY US,Transportation
8821,2019/07/02,10.56,Debit Card Purchase - STARBUCKS STORE 19890 NEW YORK NY,Food
8821,2019/07/01,5.0,Withdrawal from Acorns Investing Transfer,Investment
8821,2019/07/01,1.0,Withdrawal from Subscription Acorns,Investment
8821,2019/07/01,10.34,Debit Card Purchase - STARBUCKS STORE 19890 NEW YORK NY,Food
8821,2019/06/29,50.23,Debit Card Purchase - WAL-MART SUPER CENTER KEARNY  NJ US,Food
8821,2019/06/29,4.13,Debit Card Purchase - CHEGG ORDER 8558681054 CA,Education
8821,2019/06/28,14.98,Debit Card Purchase - TARGET COM 800 591 3869 MN,Health
8821,2019/06/27,3.91,Debit Card Purchase - DUANE READE STO 250 W NEW YORK  NY US,Health
8821,2019/06/27,7.28,Debit Card Purchase - CAMPUS DELI AND GRILL NEW YORK NY,Food
8821,2019/06/27,3.25,Debit Card Purchase - CMSVEND CV FARMINGDALE AMITYVILLE NY,Food
8821,2019/06/26,1250.0,Withdrawal to 360 Savings XXXXXXX1675,Investment
8821,2019/06/26,44.99,Debit Card Purchase - RITE AID STORE - 3883 BROOKLYN  NY US,Health
8821,2019/06/25,7.19,Withdrawal from Acorns Investing Transfer,Investment
8821,2019/06/25,4.99,Debit Card Purchase - APL ITUNES COM BILL 866 712 7753 CA,Entertainment
8821,2019/06/24,5.0,Withdrawal from Acorns Investing Transfer,Investment
8821,2019/06/24,12.83,Debit Card Purchase - SHAKE SHACK 1107 646 747 7200 NY,Food
8821,2019/06/20,12.41,Debit Card Purchase - CHIPOTLE 0482 NEW YORK NY,Food
8821,2019/06/20,13.0,Debit Card Purchase - MERCARI SAN FRANCISC CA,Earnings
8821,2019/06/19,64.52,Debit Card Purchase - MARSHALLS 241 ATLANTIC BROOKLYN  NY US,Shopping
8821,2019/06/18,80.0,Debit Card Purchase - TOP SHOP NEW YORK NEW YORK NY,Shopping
8821,2019/06/17,22.98,Withdrawal from PLANET FIT CLUB FEES,Health
8821,2019/06/17,5.0,Withdrawal from Acorns Investing Transfer,Investment
8821,2019/06/17,12.83,Debit Card Purchase - SHAKE SHACK 1140 646 747 7200 NY,Food
8821,2019/06/16,38.97,Debit Card Purchase - BURLINGTON STORES 457 BROOKLYN  NY US,Shopping
8821,2019/06/15,97.15,Debit Card Purchase - URBAN-OUTFITTERS 628 B NEW YORK  NY US,Shopping
8821,2019/06/15,3.5,Debit Card Purchase - CMSVEND CV FARMINGDALE AMITYVILLE NY,Food
8821,2019/06/13,3.25,Debit Card Purchase - CAMPUS DELI AND GRILL NEW YORK NY,Food
8821,2019/06/13,40.55,Debit Card Purchase - BATH BODY WORKS COM 8007565005 OH,Shopping
8821,2019/06/13,109.75,Debit Card Purchase - CANTINA ROOFTOP NEW YORK NY,Food
8821,2019/06/12,8.75,Debit Card Purchase - CAMPUS DELI AND GRILL NEW YORK NY,Food
8821,2019/06/11,5.93,Withdrawal from Acorns Investing Transfer,Investment
8821,2019/06/11,5.83,Withdrawal from Acorns Investing Transfer,Investment
8821,2019/06/11,5.62,Withdrawal from Acorns Investing Transfer,Investment
8821,2019/06/11,5.6,Withdrawal from Acorns Investing Transfer,Investment
8821,2019/06/11,5.54,Withdrawal from Acorns Investing Transfer,Investment
8821,2019/06/11,5.44,Withdrawal from Acorns Investing Transfer,Investment
8821,2019/06/11,5.22,Withdrawal from Acorns Investing Transfer,Investment
8821,2019/06/11,5.05,Withdrawal from Acorns Investing Transfer,Investment
8821,2019/06/11,73.95,Debit Card Purchase - SQC CASH APP ALEXAN 4153753176 CA,Shopping
8821,2019/06/10,5.0,Withdrawal from Acorns Investing Transfer,Investment
8821,2019/06/10,14.9,Debit Card Purchase - UNIQLO NY 34TH ST 32 NEW YORK NY,Shopping
8821,2019/06/08,7.25,Debit Card Purchase - CAMPUS DELI AND GRILL NEW YORK NY,Food
8821,2019/06/07,16.06,Debit Card Purchase - SQ SQ VIVI BUBBLE TE BROOKLYN NY,Food
8821,2019/06/07,6.25,Debit Card Purchase - CAMPUS DELI AND GRILL NEW YORK NY,Food
8821,2019/06/06,17.03,Debit Card Purchase - DUANE READE STO 320 W NEW YORK  NY US,Health
8821,2019/06/06,63.15,Debit Card Purchase - ZYBOOK COLLEGE TXTBOOK 14086349926 CA,Education
8821,2019/06/05,47.96,Debit Card Purchase - TELCO STORES #1 BROOKLYN  NY US,Shopping
8821,2019/06/05,0.99,Debit Card Purchase - APL ITUNES COM BILL 866 712 7753 CA,Entertainment
8821,2019/06/04,1.0,Withdrawal from Subscription Acorns,Investment
8821,2019/06/03,17.97,Debit Card Purchase - H&M0150 BROOKLYN  NY US,Shopping
8821,2019/06/03,8.5,Debit Card Purchase - 0620 FOREVER 21 BROOKLYN  NY US,Shopping
8821,2019/06/03,25.94,Debit Card Purchase - NORDSTROM RACK # 505 F BROOKLYN  NY US,Shopping
8821,2019/06/03,46.92,Debit Card Purchase - AMERICAN EAGLE OUTFITT BROOKLYN  NY US,Shopping
8821,2019/06/03,127.0,Debit Card Purchase - MTA*METROCARD MACHINE NEW YORK  NY US,Transportation
8821,2019/06/03,6.72,Withdrawal from Acorns Investing Transfer,Investment
8821,2019/06/03,5.0,Withdrawal from Acorns Investing Transfer,Investment
8821,2019/06/02,78.39,Debit Card Purchase - SEPHORA 398 45 E 17TH NEW YORK  NY US,Shopping
8821,2019/05/31,9.78,Debit Card Purchase - SHAKE SHACK 1140 646 747 7200 NY,Food
8821,2019/05/31,32.98,Debit Card Purchase - 0552 AMC EMPIRE 25 NEW YORK NY,Entertainment
8821,2019/05/30,9.6,Withdrawal from Acorns Investing Transfer,Investment
8821,2019/05/28,5.5,Debit Card Purchase - MTA*METROCARD MACHINE NEW YORK  NY US,Transportation
8821,2019/05/28,5.0,Withdrawal from Acorns Investing Transfer,Investment
8821,2019/05/28,66.53,Debit Card Purchase - MARSHALLS 2485 RICHMON STATEN ISLAND  NY,Shopping
8821,2019/05/24,4.99,Debit Card Purchase - APL ITUNES COM BILL 866 712 7753 CA,Entertainment
8821,2019/05/23,14.92,Debit Card Purchase - CHIPOTLE 1435 NEW YORK NY,Food
8821,2019/05/23,4.2,Debit Card Purchase - CMSVEND CV FARMINGDALE AMITYVILLE NY,Food
8821,2019/05/22,52.53,Debit Card Purchase - WALMART COM 8009666546 AR,Health
8821,2019/05/22,16.28,Debit Card Purchase - CHEGG ORDER 8558681054 CA,Education
8821,2019/05/20,33.0,Debit Card Purchase - MTA*METROCARD MACHINE NEW YORK  NY US,Transportation
8821,2019/05/20,5.0,Withdrawal from Acorns Investing Transfer,Investment
8821,2019/05/20,29.49,Debit Card Purchase - MUDDY BODY LLC 305 627 3648 FL,Health
8821,2019/05/17,22.98,Withdrawal from PLANET FIT CLUB FEES,Health
8821,2019/05/17,6.25,Debit Card Purchase - CAMPUS DELI AND GRILL NEW YORK NY,Food
8821,2019/05/16,7.25,Debit Card Purchase - CAMPUS DELI AND GRILL NEW YORK NY,Food
8821,2019/05/16,1.75,Debit Card Purchase - CMSVEND CV FARMINGDALE AMITYVILLE NY,Food
8821,2019/05/15,6.25,Debit Card Purchase - CAMPUS DELI AND GRILL NEW YORK NY,Food
8821,2019/05/14,975.95,Withdrawal from CUNY CTY CTY ePAY,Education
8821,2019/05/13,33.0,Debit Card Purchase - MTA*METROCARD MACHINE NEW YORK  NY US,Transportation
8821,2019/05/13,5.0,Withdrawal from Acorns Investing Transfer,Investment
8821,2019/05/13,4.33,Debit Card Purchase - APL ITUNES COM BILL 866 712 7753 CA,Entertainment
8821,2019/05/13,9.78,Debit Card Purchase - SHAKE SHACK 1107 646 747 7200 NY,Food
8821,2019/05/11,44.96,Debit Card Purchase - TELCO STORES #1 BROOKLYN  NY US,Shopping
8821,2019/05/11,1.25,Debit Card Purchase - CMSVEND CV FARMINGDALE AMITYVILLE NY,Food
8821,2019/05/10,10.25,Debit Card Purchase - CAMPUS DELI AND GRILL NEW YORK NY,Food
8821,2019/05/09,6.25,Debit Card Purchase - CAMPUS DELI AND GRILL NEW YORK NY,Food
8821,2019/05/08,6.25,Debit Card Purchase - CAMPUS DELI AND GRILL NEW YORK NY,Food
8821,2019/05/08,59.9,Debit Card Purchase - CUROLOGY 8588591188 CA,Health
8821,2019/05/07,12.69,Debit Card Purchase - GRUBHUBASEAFUSION 8775851085 NY,Food
8821,2019/05/07,37.95,Debit Card Purchase - SP KYLIE COSMETICS 8189922000 CA,Shopping
8821,2019/05/06,33.0,Debit Card Purchase - MTA*METROCARD MACHINE NEW YORK  NY US,Transportation
8821,2019/05/06,5.0,Withdrawal from Acorns Investing Transfer,Investment
8821,2019/05/06,0.99,Debit Card Purchase - APL ITUNES COM BILL 866 712 7753 CA,Entertainment
8821,2019/05/04,6.25,Debit Card Purchase - CAMPUS DELI AND GRILL NEW YORK NY,Food
8821,2019/05/03,7.25,Debit Card Purchase - CAMPUS DELI AND GRILL NEW YORK NY,Food
8821,2019/05/02,1.0,Withdrawal from Subscription Acorns,Investment
8821,2019/05/02,7.25,Debit Card Purchase - CAMPUS DELI AND GRILL NEW YORK NY,Food
8821,2019/05/02,1.75,Debit Card Purchase - CMSVEND CV FARMINGDALE AMITYVILLE NY,Food
8821,2019/05/01,6.25,Debit Card Purchase - CAMPUS DELI AND GRILL NEW YORK NY,Food
8821,2019/05/01,13.8,Debit Card Purchase - ORDER WISH COM 8002660172 CA,Shopping
8821,2019/04/30,19.25,Debit Card Purchase - BEYOND DEPTH 14693157859 TX,Shopping
8821,2019/04/29,33.0,Debit Card Purchase - MTA*METROCARD MACHINE NEW YORK  NY US,Transportation
8821,2019/04/29,5.0,Withdrawal from Acorns Investing Transfer,Investment
8821,2019/04/26,74.94,Debit Card Purchase - NIKE WOODBURY 059 CENTRAL VALL NY,Shopping
8821,2019/04/25,17.0,Debit Card Purchase - NY INTERNATIONAL AUTO 7187465900 NY,Entertainment
8821,2019/04/25,4.99,Debit Card Purchase - APL ITUNES COM BILL 866 712 7753 CA,Entertainment
8821,2019/04/25,24.82,Debit Card Purchase - CHIPOTLE 0482 NEW YORK NY,Food
8821,2019/04/24,63.92,Debit Card Purchase - AEROPOSTALE #739 CENTRAL VLY  NY US,Shopping
8821,2019/04/23,16.28,Debit Card Purchase - CHEGG ORDER 8558681054 CA,Education
8821,2019/04/23,16.78,Debit Card Purchase - 0552 AMC EMPIRE 25 NEW YORK NY,Entertainment
8821,2019/04/22,5.0,Withdrawal from Acorns Investing Transfer,Investment
8821,2019/04/21,46.86,Debit Card Purchase - WM SUPERC WAL-MART SUP KEARNY  NJ US,Food
8821,2019/04/21,11.21,Debit Card Purchase - WM SUPERC WAL-MART SUP KEARNY  NJ US,Food
8821,2019/04/20,6.75,Debit Card Purchase - CAMPUS DELI AND GRILL NEW YORK NY,Food
8821,2019/04/20,12.6,Debit Card Purchase - SHAKE SHACK 1140 646 747 7200 NY,Food
8821,2019/04/19,32.0,Debit Card Purchase - MTA*METROCARD MACHINE NEW YORK  NY US,Transportation
8821,2019/04/18,8.25,Debit Card Purchase - CAMPUS DELI AND GRILL NEW YORK NY,Food
8821,2019/04/18,47.62,Debit Card Purchase - WALMART COM 8009666546 AR,Health
8821,2019/04/17,25.98,Debit Card Purchase - H&M0600 NEW YORK  NY US,Shopping
8821,2019/04/17,22.98,Withdrawal from PLANET FIT CLUB FEES,Health
8821,2019/04/15,7.19,Withdrawal from Acorns Investing Transfer,Investment
8821,2019/04/15,5.0,Withdrawal from Acorns Investing Transfer,Investment
8821,2019/04/15,12.96,Debit Card Purchase - CHIPOTLE 1435 NEW YORK NY,Food
8821,2019/04/13,7.75,Debit Card Purchase - CAMPUS DELI AND GRILL NEW YORK NY,Food
8821,2019/04/12,32.0,Debit Card Purchase - MTA*METROCARD MACHINE NEW YORK  NY US,Transportation
8821,2019/04/12,8.25,Debit Card Purchase - CAMPUS DELI AND GRILL NEW YORK NY,Food
8821,2019/04/10,6.25,Debit Card Purchase - CAMPUS DELI AND GRILL NEW YORK NY,Food
8821,2019/04/09,29.22,Debit Card Purchase - BATH BODY WORKS COM 8007565005 OH,Shopping
8821,2019/04/09,5.84,Debit Card Purchase - CUROLOGY 8588591188 CA,Health
8821,2019/04/08,5.0,Withdrawal from Acorns Investing Transfer,Investment
8821,2019/04/08,2.5,Debit Card Purchase - CMSVEND CV FARMINGDALE AMITYVILLE NY,Food
8821,2019/04/06,3.26,Debit Card Purchase - VENGO MINI VENDING MAC BEDFORD NY,Food
8821,2019/04/05,32.0,Debit Card Purchase - MTA*METROCARD MACHINE NEW YORK  NY US,Transportation
8821,2019/04/05,6.25,Debit Card Purchase - CAMPUS DELI AND GRILL NEW YORK NY,Food
8821,2019/04/05,0.99,Debit Card Purchase - APL ITUNES COM BILL 866 712 7753 CA,Entertainment
8821,2019/04/04,6.25,Debit Card Purchase - CAMPUS DELI AND GRILL NEW YORK NY,Food
8821,2019/04/04,30.47,Debit Card Purchase - BATH BODY WORKS COM 8007565005 OH,Shopping
8821,2019/04/03,23.68,Debit Card Purchase - CVS/PHARM 10298--3 COL MANHATTAN  NY US,Health
8821,2019/04/03,8.14,Debit Card Purchase - CAMPUS DELI AND GRILL NEW YORK NY,Food
8821,2019/04/02,60.77,Debit Card Purchase - ULTA COM 8669838582 IL,Shopping
8821,2019/04/01,5.0,Withdrawal from Acorns Investing Transfer,Investment
8821,2019/03/30,6.25,Debit Card Purchase - CAMPUS DELI AND GRILL NEW YORK NY,Food
8821,2019/03/29,12.99,Debit Card Purchase - MARSHALLS 206 WASHINGT NEW YORK  NY US,Shopping
8821,2019/03/29,32.0,Debit Card Purchase - MTA*METROCARD MACHINE NEW YORK  NY US,Transportation
8821,2019/03/29,7.25,Debit Card Purchase - CAMPUS DELI AND GRILL NEW YORK NY,Food
8821,2019/03/28,5.9,Withdrawal from Acorns Investing Transfer,Investment
8821,2019/03/27,6.25,Debit Card Purchase - CAMPUS DELI AND GRILL NEW YORK NY,Food
8821,2019/03/26,4.99,Debit Card Purchase - APL ITUNES COM BILL 866 712 7753 CA,Entertainment
8821,2019/03/26,12.56,Debit Card Purchase - SHAKE SHACK 1134 646 747 7200 NY,Food
8821,2019/03/25,5.0,Withdrawal from Acorns Investing Transfer,Investment
8821,2019/03/23,6.25,Debit Card Purchase - CAMPUS DELI AND GRILL NEW YORK NY,Food
8821,2019/03/22,32.0,Debit Card Purchase - MTA*METROCARD MACHINE NEW YORK  NY US,Transportation
8821,2019/03/22,7.25,Debit Card Purchase - CAMPUS DELI AND GRILL NEW YORK NY,Food
8821,2019/03/22,16.28,Debit Card Purchase - CHEGG ORDER 8558681054 CA,Education
8821,2019/03/22,9.74,Debit Card Purchase - CHIPOTLE 0482 NEW YORK NY,Food
8821,2019/03/19,5.02,Withdrawal from Acorns Investing Transfer,Investment
8821,2019/03/19,25.84,Debit Card Purchase - PRIMARK STATEN ISLAND STATEN ISLAN NY,Shopping
8821,2019/03/18,22.98,Withdrawal from PLANET FIT CLUB FEES,Health
8821,2019/03/18,5.0,Withdrawal from Acorns Investing Transfer,Investment
8821,2019/03/18,8.25,Debit Card Purchase - CAMPUS DELI AND GRILL NEW YORK NY,Food
8821,2019/03/18,8.71,Debit Card Purchase - SQUARE SQ SS TEA CAF NEW YORK NY,Food
8821,2019/03/16,33.0,Debit Card Purchase - HOLLISTER #539 2655 RI STATEN ISLAND  NY,Shopping
8821,2019/03/16,4.25,Debit Card Purchase - CAMPUS DELI AND GRILL NEW YORK NY,Food
8821,2019/03/15,7.98,Debit Card Purchase - WALGREENS STORE 1471 B NEW YORK  NY US,Health
8821,2019/03/15,32.0,Debit Card Purchase - MTA*METROCARD MACHINE NEW YORK  NY US,Transportation
8821,2019/03/15,4.75,Debit Card Purchase - CAMPUS DELI AND GRILL NEW YORK NY,Food
8821,2019/03/15,24.0,Debit Card Purchase - HI AMY NAILS SALON BROOKLYN NY,Other
8821,2019/03/15,7.75,Debit Card Purchase - CAMPUS DELI AND GRILL NEW YORK NY,Food
8821,2019/03/14,5.76,Withdrawal from Acorns Investing Transfer,Investment
8821,2019/03/13,5.0,Withdrawal from Acorns Investing Transfer,Investment
8821,2019/03/13,6.25,Debit Card Purchase - CAMPUS DELI AND GRILL NEW YORK NY,Food
8821,2019/03/12,29.04,Debit Card Purchase - THE EDGE NEW YORK NY,Food
8821,2019/03/09,6.25,Debit Card Purchase - CAMPUS DELI AND GRILL NEW YORK NY,Food
8821,2019/03/08,32.0,Debit Card Purchase - MTA*METROCARD MACHINE NEW YORK  NY US,Transportation
8821,2019/03/08,6.25,Debit Card Purchase - CAMPUS DELI AND GRILL NEW YORK NY,Food
8821,2019/03/05,0.99,Debit Card Purchase - APL ITUNES COM BILL 866 712 7753 CA,Entertainment
8821,2019/03/04,15.46,Debit Card Purchase - CHIPOTLE 0482 NEW YORK NY,Food
8821,2019/03/01,32.0,Debit Card Purchase - MTA*METROCARD MACHINE NEW YORK  NY US,Transportation
8821,2019/03/01,6.25,Debit Card Purchase - CAMPUS DELI AND GRILL NEW YORK NY,Food
8821,2019/02/28,6.25,Debit Card Purchase - CAMPUS DELI AND GRILL NEW YORK NY,Food
8821,2019/02/28,1700.0,Debit Card Purchase - SMILEDIRECTCLUB 8008487566 TN,Health
8821,2019/02/27,6.25,Debit Card Purchase - CAMPUS DELI AND GRILL NEW YORK NY,Food
8821,2019/02/27,18.46,Debit Card Purchase - AMZN MKTP US MI1WE98R0 AMZN COM BIL WA,Shopping
8821,2019/02/26,19.6,Debit Card Purchase - SEPHORA 368 10 COLUMBU NEW YORK  NY US,Shopping
8821,2019/02/26,4.99,Debit Card Purchase - APL ITUNES COM BILL 866 712 7753 CA,Entertainment
8821,2019/02/26,22.6,Debit Card Purchase - SHAKE SHACK 1140 646 747 7200 NY,Food
8821,2019/02/25,5.41,Debit Card Purchase - UBER TRIP 8005928996 CA,Transportation
8821,2019/02/22,10.89,Debit Card Purchase - URBAN OUTFITTERS 1333 NEW YORK  NY US,Shopping
8821,2019/02/22,32.0,Debit Card Purchase - MTA*METROCARD MACHINE NEW YORK  NY US,Transportation
8821,2019/02/22,16.28,Debit Card Purchase - CHEGG ORDER 8558681054 CA,Education
8821,2019/02/21,6.25,Debit Card Purchase - CAMPUS DELI AND GRILL NEW YORK NY,Food
8821,2019/02/20,44.95,Debit Card Purchase - SQC ALEXANDRA VAZQU 4153753176 CA,Food
8821,2019/02/19,22.98,Withdrawal from PLANET FIT CLUB FEES,Health
8821,2019/02/18,7.61,Debit Card Purchase - REGAL E WALK 13 NEW YORK NY,Entertainment
8821,2019/02/18,29.83,Debit Card Purchase - CHIPOTLE 0681 NEW YORK NY,Food
8821,2019/02/16,7.25,Debit Card Purchase - CAMPUS DELI AND GRILL NEW YORK NY,Food
8821,2019/02/16,29.0,Debit Card Purchase - PARIS BAGUETTE 8TH AVE NEW YORK NY,Food
8821,2019/02/15,32.0,Debit Card Purchase - MTA*METROCARD MACHINE NEW YORK  NY US,Transportation
8821,2019/02/15,45.55,Debit Card Purchase - POSIES NEW YORK NY,Other
8821,2019/02/11,31.72,Debit Card Purchase - FUMO NEW YORK NY,Food
8821,2019/02/08,32.0,Debit Card Purchase - MTA*METROCARD MACHINE NEW YORK  NY US,Transportation
8821,2019/02/05,0.99,Debit Card Purchase - APL ITUNES COM BILL 800 275 2273 CA,Entertainment
8821,2019/02/05,4.63,Debit Card Purchase - PARIS BAGUETTE 7TH A NEW YORK NY,Food
8821,2019/02/04,98.92,Debit Card Purchase - STK MIDTOWN NEW YORK NY,Food
8821,2019/02/04,5.25,Debit Card Purchase - CAMPUS DELI AND GRILL NEW YORK NY,Food
8821,2019/02/02,7.25,Debit Card Purchase - CAMPUS DELI AND GRILL NEW YORK NY,Food
8821,2019/02/01,32.0,Debit Card Purchase - MTA*METROCARD MACHINE NEW YORK  NY US,Transportation
8821,2019/02/01,6.25,Debit Card Purchase - CAMPUS DELI AND GRILL NEW YORK NY,Food
8821,2019/01/30,9.74,Debit Card Purchase - CHIPOTLE 0482 NEW YORK NY,Food
8821,2019/01/28,24.1,Debit Card Purchase - SHAKE SHACK 1172 STATEN ISLAN NY,Food
8821,2019/01/26,32.0,Debit Card Purchase - PRIMARK STATEN ISLAND STATEN ISLAN NY,Shopping
8821,2019/01/25,72.18,Debit Card Purchase - URBAN OUTFITTERS 1333 NEW YORK  NY US,Shopping
8821,2019/01/25,4.99,Debit Card Purchase - APL ITUNES COM BILL 800 275 2273 CA,Entertainment
8821,2019/01/24,54.97,Debit Card Purchase - HOLLISTER #539 2655 RI STATEN ISLAND  NY,Shopping
8821,2019/01/24,55.53,Debit Card Purchase - ULTA #1432 STATEN ISLAND  NY US,Shopping
8821,2019/01/22,20.0,Debit Card Purchase - MTA*METROCARD MACHINE NEW YORK  NY US,Transportation
8821,2019/01/18,15.4,Debit Card Purchase - AMZN MKTP US MB58L5G11 AMZN COM BIL WA,Shopping
8821,2019/01/17,22.98,Withdrawal from PLANET FIT CLUB FEES,Health
8821,2019/01/16,20.0,Debit Card Purchase - VENMO 8558124430 NY,Food
8821,2019/01/16,49.77,Debit Card Purchase - AMZN MKTP US MB77771C1 AMZN COM BIL WA,Shopping
8821,2019/01/16,16.0,Debit Card Purchase - ORDER WISH COM 8002660172 CA,Shopping
8821,2019/01/15,32.0,Debit Card Purchase - MTA*METROCARD MACHINE NEW YORK  NY US,Transportation
8821,2019/01/15,27.0,Debit Card Purchase - FREYATREASURES COM BAD OYENHAUS,Shopping
8821,2019/01/14,39.11,Debit Card Purchase - AMZN MKTP US MB5UR9E40 AMZN COM BIL WA,Shopping
8821,2019/01/12,11.21,Debit Card Purchase - MUJI SOHO 455 BROADWAY NEW YORK  NY US,Shopping
8821,2019/01/12,48.97,Debit Card Purchase - ZARA USA 3862 NEW YORK  NY US,Shopping
8821,2019/01/10,32.0,Debit Card Purchase - MTA*METROCARD MACHINE NEW YORK  NY US,Transportation
8821,2019/01/09,33.2,Debit Card Purchase - ASEA FUSION AND YAKITO BROOKLYN NY,Food
8821,2019/01/07,16.07,Debit Card Purchase - RITE AID STORE - 3879 BROOKLYN  NY US,Health
8821,2019/01/05,300.0,Withdrawal to 360 Savings XXXXXXX1675,Other
8821,2019/01/05,15.0,Debit Card Purchase - MANDEE BOUTIQUE #6318 BROOKLYN  NY US,Shopping
8821,2019/01/05,73.86,Debit Card Purchase - TELCO STORES #1 BROOKLYN  NY US,Shopping
8821,2019/01/05,0.99,Debit Card Purchase - APL ITUNES COM BILL 800 275 2273 CA,Entertainment
8821,2019/01/03,4.99,Debit Card Purchase - TARGET T- 445 GOLD ST BROOKLYN  NY US,Health
8821,2019/01/03,32.0,Debit Card Purchase - MTA*METROCARD MACHINE NEW YORK  NY US,Transportation
